<?xml version="1.0" encoding="UTF-8"?>
<project-private xmlns="http://www.netbeans.org/ns/project-private/1">
    <editor-bookmarks xmlns="http://www.netbeans.org/ns/editor-bookmarks/2" lastBookmarkId="0"/>
    <open-files xmlns="http://www.netbeans.org/ns/projectui-open-files/2">
        <group>
            <file>file:/I:/all%20parograms%20of%20java/All%20work/projectW/src/projectw/SearchMem.java</file>
            <file>file:/I:/all%20parograms%20of%20java/All%20work/projectW/src/projectw/Member.java</file>
            <file>file:/I:/all%20parograms%20of%20java/All%20work/projectW/src/projectw/Hostel_Mng_Sys.java</file>
            <file>file:/I:/all%20parograms%20of%20java/All%20work/projectW/src/projectw/Front.java</file>
            <file>file:/I:/all%20parograms%20of%20java/All%20work/projectW/src/projectw/MemClass.java</file>
            <file>file:/I:/all%20parograms%20of%20java/All%20work/projectW/src/projectw/Login.java</file>
            <file>file:/I:/all%20parograms%20of%20java/All%20work/projectW/src/projectw/EditMem.java</file>
            <file>file:/I:/all%20parograms%20of%20java/All%20work/projectW/src/projectw/Add_new_mem.java</file>
            <file>file:/I:/all%20parograms%20of%20java/All%20work/projectW/src/projectw/ShowList.java</file>
            <file>file:/I:/all%20parograms%20of%20java/All%20work/projectW/src/projectw/membersOfProject.java</file>
            <file>file:/I:/all%20parograms%20of%20java/All%20work/projectW/src/projectw/delete.java</file>
        </group>
    </open-files>
</project-private>
